rank,prev_rank,name,league,off,def,spi
1,1,Manchester City,Barclays Premier League,2.92,0.2,93.83
2,2,Barcelona,Spanish Primera Division,3.14,0.43,91.93
3,3,Bayern Munich,German Bundesliga,3.18,0.51,91.13
4,4,Liverpool,Barclays Premier League,2.66,0.36,89.56
5,5,Real Madrid,Spanish Primera Division,2.48,0.41,87.1
6,8,Paris Saint-Germain,French Ligue 1,2.66,0.53,86.63
7,6,Atletico Madrid,Spanish Primera Division,2.19,0.32,86.0
8,7,Chelsea,Barclays Premier League,2.33,0.41,85.58
9,12,Atalanta,Italy Serie A,2.53,0.56,84.69
10,9,Manchester United,Barclays Premier League,2.43,0.54,84.2
11,10,Borussia Dortmund,German Bundesliga,2.58,0.62,84.17
12,13,Juventus,Italy Serie A,2.51,0.6,83.9
13,11,RB Leipzig,German Bundesliga,2.38,0.55,83.26
14,14,Internazionale,Italy Serie A,2.47,0.62,82.98
15,20,Sevilla FC,Spanish Primera Division,2.18,0.49,81.96
16,17,Villarreal,Spanish Primera Division,2.1,0.46,81.81
17,18,Arsenal,Barclays Premier League,2.19,0.51,81.76
18,16,Real Sociedad,Spanish Primera Division,2.15,0.5,81.46
19,22,Leicester City,Barclays Premier League,2.14,0.51,81.17
20,19,Bayer Leverkusen,German Bundesliga,2.17,0.55,80.59
21,15,Tottenham Hotspur,Barclays Premier League,2.24,0.61,80.18
22,21,Napoli,Italy Serie A,2.27,0.67,79.47
23,23,Ajax,Dutch Eredivisie,2.66,0.92,79.34
24,27,Lyon,French Ligue 1,2.2,0.65,78.9
25,24,FC Salzburg,Austrian T-Mobile Bundesliga,2.82,1.07,78.63
26,25,Aston Villa,Barclays Premier League,2.21,0.68,78.21
27,29,Borussia Monchengladbach,German Bundesliga,2.34,0.83,77.02
28,32,Eintracht Frankfurt,German Bundesliga,2.28,0.8,76.73
29,31,VfL Wolfsburg,German Bundesliga,2.07,0.67,76.58
30,26,AS Roma,Italy Serie A,2.27,0.8,76.52
31,28,AC Milan,Italy Serie A,2.22,0.79,76.18
32,30,West Ham United,Barclays Premier League,2.05,0.68,76.06
33,33,FC Porto,Portuguese Liga,2.13,0.75,75.65
34,35,Lille,French Ligue 1,1.79,0.54,75.05
35,34,Everton,Barclays Premier League,1.96,0.67,74.74
36,39,Brighton and Hove Albion,Barclays Premier League,1.93,0.65,74.69
37,37,Zenit St Petersburg,Russian Premier Liga,2.15,0.82,74.32
38,40,AS Monaco,French Ligue 1,2.16,0.83,74.16
39,41,Lazio,Italy Serie A,2.11,0.83,73.56
40,36,Benfica,Portuguese Liga,2.15,0.87,73.14
41,38,Southampton,Barclays Premier League,1.86,0.67,73.1
42,47,Athletic Bilbao,Spanish Primera Division,1.84,0.66,73.06
43,42,Celta Vigo,Spanish Primera Division,1.93,0.74,72.54
44,46,Wolverhampton,Barclays Premier League,1.82,0.66,72.44
45,44,Real Betis,Spanish Primera Division,1.97,0.8,71.82
46,49,Flamengo,Brasileiro Série A,2.13,0.92,71.78
47,45,Shakhtar Donetsk,UEFA Europa League,2.23,1.0,71.75
48,48,Olympiacos,Greek Super League,1.91,0.78,71.43
49,51,Eibar,Spanish Primera Division,1.7,0.63,71.18
50,53,VfB Stuttgart,German Bundesliga,2.13,0.96,70.81
51,50,Club Brugge,Belgian Jupiler League,1.94,0.84,70.37
52,43,Getafe,Spanish Primera Division,1.65,0.62,70.34
53,52,1. FC Union Berlin,German Bundesliga,1.84,0.77,70.26
54,54,TSG Hoffenheim,German Bundesliga,2.12,0.99,70.0
55,57,Rangers,Scottish Premiership,1.92,0.86,69.63
56,55,SC Freiburg,German Bundesliga,2.04,0.97,69.04
57,56,Young Boys,Swiss Raiffeisen Super League,1.96,0.95,68.23
58,64,Sporting CP,Portuguese Liga,1.69,0.74,68.15
59,63,Osasuna,Spanish Primera Division,1.72,0.78,67.77
60,58,Levante,Spanish Primera Division,1.94,0.96,67.55
61,60,Leeds United,Barclays Premier League,2.05,1.05,67.46
62,62,Burnley,Barclays Premier League,1.66,0.75,67.17
63,61,Stade Rennes,French Ligue 1,1.62,0.73,67.12
64,59,Hertha Berlin,German Bundesliga,1.82,0.9,66.72
65,66,Dinamo Zagreb,UEFA Europa League,1.98,1.04,66.47
66,67,Fiorentina,Italy Serie A,1.74,0.85,66.39
67,68,FC Krasnodar,Russian Premier Liga,1.86,0.95,66.14
68,69,PSV,Dutch Eredivisie,2.05,1.13,65.75
69,65,Crystal Palace,Barclays Premier League,1.74,0.87,65.74
70,72,River Plate,Argentina Primera Division,1.74,0.88,65.48
71,74,Udinese,Italy Serie A,1.66,0.82,65.45
72,78,Werder Bremen,German Bundesliga,1.75,0.89,65.42
73,76,Valencia,Spanish Primera Division,1.82,0.98,64.93
74,70,Granada,Spanish Primera Division,1.68,0.86,64.92
75,77,CSKA Moscow,Russian Premier Liga,1.72,0.89,64.9
76,75,Alavés,Spanish Primera Division,1.68,0.86,64.9
77,71,Fulham,Barclays Premier League,1.66,0.84,64.83
78,79,Besiktas,Turkish Turkcell Super Lig,2.05,1.18,64.46
79,81,Slavia Prague,UEFA Europa League,1.92,1.08,64.42
80,86,Sheffield United,Barclays Premier League,1.61,0.82,64.36
81,85,Internacional,Brasileiro Série A,1.65,0.86,64.34
82,89,Brentford,English League Championship,1.64,0.85,64.26
83,73,Cadiz,Spanish Primera Division,1.57,0.8,64.22
84,82,Braga,Portuguese Liga,1.78,0.98,64.15
85,80,Marseille,French Ligue 1,1.6,0.83,64.11
86,90,Strasbourg,French Ligue 1,1.72,0.95,63.55
87,83,Dynamo Kiev,UEFA Europa League,1.87,1.08,63.45
88,91,Galatasaray,Turkish Turkcell Super Lig,1.85,1.08,63.11
89,84,Lens,French Ligue 1,1.59,0.87,62.92
90,92,Real Valladolid,Spanish Primera Division,1.58,0.88,62.51
91,88,Sassuolo,Italy Serie A,1.88,1.13,62.36
92,93,SD Huesca,Spanish Primera Division,1.54,0.85,62.28
93,87,LASK Linz,Austrian T-Mobile Bundesliga,1.86,1.13,62.03
94,100,AZ,Dutch Eredivisie,1.99,1.24,61.98
95,118,Verona,Italy Serie A,1.63,0.93,61.93
96,94,Spartak Moscow,Russian Premier Liga,1.65,0.95,61.89
97,96,Guangzhou Evergrande,Chinese Super League,1.87,1.15,61.79
98,97,Bodo/Glimt,Norwegian Tippeligaen,2.33,1.55,61.76
99,98,Monterrey,Mexican Primera Division Torneo Clausura,1.71,1.02,61.6
100,101,FC Midtjylland,Danish SAS-Ligaen,1.77,1.08,61.35
101,104,Kawasaki Frontale,Japanese J League,1.93,1.23,61.07
102,99,Bordeaux,French Ligue 1,1.49,0.86,60.95
103,102,Atletico Mineiro,Brasileiro Série A,1.66,1.01,60.72
104,123,Mainz,German Bundesliga,1.81,1.15,60.64
105,120,Sampdoria,Italy Serie A,1.76,1.1,60.62
106,108,PAOK Salonika,Greek Super League,1.47,0.85,60.57
107,109,Celtic,Scottish Premiership,1.83,1.17,60.55
108,105,Newcastle,Barclays Premier League,1.57,0.94,60.48
109,114,Angers,French Ligue 1,1.46,0.85,60.45
110,110,AFC Bournemouth,English League Championship,1.64,1.01,60.36
111,111,Norwich City,English League Championship,1.67,1.04,60.35
112,103,Palmeiras,Brasileiro Série A,1.51,0.9,60.27
113,113,Boca Juniors,Argentina Primera Division,1.47,0.87,60.25
114,106,Bologna,Italy Serie A,1.68,1.06,60.14
115,116,Watford,English League Championship,1.54,0.94,60.02
116,119,Torino,Italy Serie A,1.64,1.04,59.8
117,115,FC Cologne,German Bundesliga,1.65,1.04,59.77
118,121,FC Augsburg,German Bundesliga,1.6,1.01,59.49
119,117,São Paulo,Brasileiro Série A,1.54,0.96,59.33
120,129,Bragantino,Brasileiro Série A,1.53,0.97,59.13
121,126,Metz,French Ligue 1,1.39,0.84,59.08
122,95,Grêmio,Brasileiro Série A,1.48,0.92,59.04
123,130,Fenerbahce,Turkish Turkcell Super Lig,1.85,1.25,58.97
124,112,Espanyol,Spanish Segunda Division,1.44,0.89,58.87
125,127,Shanghai SIPG,Chinese Super League,1.69,1.13,58.37
126,128,Beijing Guoan,Chinese Super League,1.76,1.21,58.34
127,124,Tigres UANL,Mexican Primera Division Torneo Clausura,1.55,1.02,58.3
128,131,Molde,Norwegian Tippeligaen,2.09,1.53,57.72
129,107,Feyenoord,Dutch Eredivisie,1.76,1.23,57.64
130,133,AEK Athens,Greek Super League,1.52,1.02,57.39
131,122,Arminia Bielefeld,German Bundesliga,1.49,1.0,57.28
132,134,Sparta Prague,UEFA Europa League,1.74,1.25,56.89
133,135,Brest,French Ligue 1,1.66,1.18,56.75
134,136,Maccabi Tel-Aviv,UEFA Europa League,1.48,1.01,56.68
135,137,Reims,French Ligue 1,1.44,0.98,56.47
136,125,St Etienne,French Ligue 1,1.44,1.0,56.34
137,138,Malmo FF,Swedish Allsvenskan,1.73,1.27,56.09
138,141,Red Star Belgrade,UEFA Europa League,1.75,1.31,55.76
139,142,Elche,Spanish Primera Division,1.47,1.05,55.58
140,144,Genk,Belgian Jupiler League,1.88,1.43,55.55
141,147,Spezia,Italy Serie A,1.58,1.16,55.4
142,139,Benevento,Italy Serie A,1.63,1.21,55.37
143,143,Genoa,Italy Serie A,1.48,1.08,55.17
144,164,Rapid Vienna,Austrian T-Mobile Bundesliga,1.86,1.44,55.04
145,145,Cruz Azul,Mexican Primera Division Torneo Clausura,1.54,1.16,54.58
146,148,Sochi,Russian Premier Liga,1.45,1.07,54.58
147,149,Trabzonspor,Turkish Turkcell Super Lig,1.56,1.18,54.55
148,146,Nantes,French Ligue 1,1.4,1.03,54.49
149,153,Nice,French Ligue 1,1.45,1.08,54.43
150,132,Basel,Swiss Raiffeisen Super League,1.72,1.34,54.4
151,151,Ferencvaros,UEFA Champions League,1.62,1.26,53.98
152,165,FC Utrecht,Dutch Eredivisie,1.64,1.28,53.92
153,140,Montpellier,French Ligue 1,1.6,1.24,53.91
154,152,Lokomotiv Moscow,Russian Premier Liga,1.42,1.08,53.82
155,154,Club América,Mexican Primera Division Torneo Clausura,1.45,1.11,53.61
156,155,Dinamo Moscow,Russian Premier Liga,1.33,1.0,53.57
157,160,Ceará,Brasileiro Série A,1.41,1.08,53.52
158,156,Velez Sarsfield,Argentina Primera Division,1.22,0.9,53.34
159,158,Hapoel Be'er,UEFA Europa League,1.62,1.29,53.32
160,177,Pacos Ferreira,Portuguese Liga,1.37,1.05,53.26
161,168,Guimaraes,Portuguese Liga,1.35,1.04,53.15
162,166,CSKA Sofia,UEFA Europa League,1.32,1.02,52.77
163,150,Swansea City,English League Championship,1.31,1.01,52.76
164,167,Rostov,Russian Premier Liga,1.39,1.09,52.68
165,172,Blackburn,English League Championship,1.44,1.14,52.67
166,169,Cagliari,Italy Serie A,1.63,1.33,52.56
167,162,Schalke 04,German Bundesliga,1.58,1.29,52.51
168,173,Stoke City,English League Championship,1.29,1.01,52.36
169,161,West Bromwich Albion,Barclays Premier League,1.52,1.24,52.33
170,157,Vitesse,Dutch Eredivisie,1.59,1.32,51.89
171,175,Antwerp,Belgian Jupiler League,1.45,1.19,51.83
172,176,Defensa y Justicia,Argentina Primera Division,1.28,1.02,51.81
173,163,Corinthians,Brasileiro Série A,1.32,1.06,51.81
174,179,Santos Laguna,Mexican Primera Division Torneo Clausura,1.44,1.19,51.45
175,170,Anderlecht,Belgian Jupiler League,1.33,1.09,51.28
176,180,Jiangsu Suning FC,Chinese Super League,1.5,1.26,51.28
177,171,Parma,Italy Serie A,1.43,1.19,51.17
178,184,FC Copenhagen,Danish SAS-Ligaen,1.56,1.34,51.05
179,183,Crotone,Italy Serie A,1.48,1.25,51.03
180,191,Toulouse,French Ligue 2,1.57,1.34,50.99
181,185,Los Angeles FC,Major League Soccer,1.78,1.55,50.97
182,186,Philadelphia Union,Major League Soccer,1.6,1.38,50.91
183,159,Middlesbrough,English League Championship,1.3,1.08,50.79
184,187,CFR 1907 Cluj,UEFA Europa League,1.47,1.25,50.79
185,178,Lorient,French Ligue 1,1.44,1.23,50.77
186,196,Fluminense,Brasileiro Série A,1.29,1.08,50.72
187,188,New York City FC,Major League Soccer,1.67,1.46,50.69
188,202,Atlético Paranaense,Brasileiro Série A,1.18,0.96,50.65
189,190,AGF Aarhus,Danish SAS-Ligaen,1.57,1.36,50.58
190,182,Alanyaspor,Turkish Turkcell Super Lig,1.48,1.27,50.56
191,206,KAA Gent,Belgian Jupiler League,1.43,1.23,50.44
192,189,Cardiff City,English League Championship,1.36,1.15,50.34
193,197,Reading,English League Championship,1.28,1.08,50.34
194,194,Ludogorets,UEFA Europa League,1.54,1.35,50.16
195,201,Standard Liege,Belgian Jupiler League,1.49,1.3,50.14
196,174,SK Sturm Graz,Austrian T-Mobile Bundesliga,1.43,1.24,50.1
197,215,Mallorca,Spanish Segunda Division,1.25,1.06,50.06
198,181,Santos,Brasileiro Série A,1.34,1.15,49.97
199,198,Lech Poznan,UEFA Europa League,1.34,1.16,49.84
200,192,Dijon FCO,French Ligue 1,1.25,1.07,49.84
201,199,Rubin Kazan,Russian Premier Liga,1.19,1.0,49.83
202,200,Shandong Luneng,Chinese Super League,1.6,1.43,49.81
203,203,Brondby,Danish SAS-Ligaen,1.55,1.39,49.46
204,204,CA Independiente,Argentina Primera Division,1.2,1.04,49.46
205,205,León,Mexican Primera Division Torneo Clausura,1.46,1.3,49.27
206,195,Rio Ave,Portuguese Liga,1.19,1.06,48.73
207,213,Pachuca,Mexican Primera Division Torneo Clausura,1.33,1.2,48.65
208,207,Newell's Old Boys,Argentina Primera Division,1.24,1.11,48.58
209,208,St Gallen,Swiss Raiffeisen Super League,1.42,1.3,48.5
210,210,Racing Club,Argentina Primera Division,1.18,1.06,48.4
211,214,Seattle Sounders FC,Major League Soccer,1.43,1.33,48.14
212,209,Fortaleza,Brasileiro Série A,1.13,1.01,48.11
213,219,Barnsley,English League Championship,1.25,1.14,48.01
214,212,Hamburg SV,German 2. Bundesliga,1.49,1.4,47.83
215,217,FK Qarabag,UEFA Europa League,1.32,1.23,47.77
216,211,Queens Park Rangers,English League Championship,1.32,1.23,47.73
217,220,Panathinaikos,Greek Super League,1.08,0.98,47.54
218,230,Rotherham United,English League Championship,1.35,1.27,47.49
219,224,Derby County,English League Championship,1.15,1.07,47.27
220,193,Wolfsberger AC,Austrian T-Mobile Bundesliga,1.47,1.41,47.25
221,223,Clermont Foot,French Ligue 2,1.13,1.06,47.01
222,221,Millwall,English League Championship,1.17,1.1,46.95
223,218,Gazisehir Gaziantep,Turkish Turkcell Super Lig,1.42,1.38,46.62
224,222,Istanbul Basaksehir,Turkish Turkcell Super Lig,1.5,1.48,46.46
225,225,Guadalajara,Mexican Primera Division Torneo Clausura,1.35,1.32,46.45
226,216,Bahía,Brasileiro Série A,1.32,1.29,46.32
227,226,Portimonense,Portuguese Liga,1.2,1.17,46.25
228,228,Atlético Goianiense,Brasileiro Série A,1.17,1.13,46.12
229,227,FC Nordsjaelland,Danish SAS-Ligaen,1.47,1.47,46.06
230,244,Santa Clara,Portuguese Liga,1.23,1.21,46.02
231,229,Lanus,Argentina Primera Division,1.28,1.27,45.68
232,231,FC Khimki,Russian Premier Liga,1.34,1.35,45.53
233,233,Nottingham Forest,English League Championship,1.14,1.14,45.45
234,237,Omonia Nicosia,UEFA Europa League,1.41,1.43,45.33
235,239,New England Revolution,Major League Soccer,1.4,1.43,45.11
236,234,Preston North End,English League Championship,1.17,1.18,44.99
237,240,Terek Grozny,Russian Premier Liga,1.09,1.1,44.96
238,241,FC Zorya Luhansk,UEFA Europa League,1.27,1.29,44.92
239,242,Talleres de Córdoba,Argentina Primera Division,1.21,1.23,44.82
240,235,Famalicao,Portuguese Liga,1.18,1.2,44.72
241,243,Yokohama F. Marinos,Japanese J League,1.72,1.8,44.62
242,257,Huddersfield Town,English League Championship,1.23,1.27,44.61
243,232,Almeria,Spanish Segunda Division,1.19,1.22,44.59
244,238,Sporting de Charleroi,Belgian Jupiler League,1.38,1.43,44.56
245,245,Ural Sverdlovsk Oblast,Russian Premier Liga,1.16,1.2,44.32
246,236,Pumas Unam,Mexican Primera Division Torneo Clausura,1.27,1.34,44.11
247,246,FC Lugano,Swiss Raiffeisen Super League,1.18,1.24,44.11
248,247,Djurgardens IF,Swedish Allsvenskan,1.3,1.37,44.07
249,249,Luton Town,English League Championship,1.08,1.14,43.83
250,250,Aris Salonika,Greek Super League,1.32,1.4,43.8
251,255,Nimes,French Ligue 1,1.32,1.42,43.59
252,254,Gil Vicente,Portuguese Liga,1.04,1.11,43.53
253,256,FC Groningen,Dutch Eredivisie,1.21,1.29,43.46
254,248,FC Twente,Dutch Eredivisie,1.38,1.5,43.13
255,268,Vasco da Gama,Brasileiro Série A,1.15,1.25,43.06
256,273,Hannover 96,German 2. Bundesliga,1.27,1.38,43.04
257,253,SC Farense,Portuguese Liga,1.21,1.31,43.03
258,261,Kashima Antlers,Japanese J League,1.27,1.39,42.93
259,263,Argentinos Juniors,Argentina Primera Division,1.0,1.08,42.87
260,259,Fortuna Düsseldorf,German 2. Bundesliga,1.24,1.35,42.85
261,264,FC Arsenal Tula,Russian Premier Liga,1.15,1.26,42.79
262,260,Sparta,Dutch Eredivisie,1.38,1.52,42.74
263,265,Rosario Central,Argentina Primera Division,1.15,1.27,42.73
264,266,Estudiantes,Argentina Primera Division,1.0,1.1,42.6
265,274,Goztepe,Turkish Turkcell Super Lig,1.26,1.41,42.22
266,287,Heracles,Dutch Eredivisie,1.27,1.42,42.18
267,276,Troyes,French Ligue 2,1.06,1.19,42.14
268,267,Portland Timbers,Major League Soccer,1.47,1.65,42.13
269,270,Moreirense,Portuguese Liga,1.06,1.19,42.1
270,251,Maritimo,Portuguese Liga,1.13,1.26,42.08
271,252,Sivasspor,Turkish Turkcell Super Lig,1.17,1.31,42.06
272,269,Randers FC,Danish SAS-Ligaen,1.23,1.39,42.03
273,271,FC Luzern,Swiss Raiffeisen Super League,1.38,1.56,41.99
274,310,FC Zurich,Swiss Raiffeisen Super League,1.34,1.52,41.98
275,258,Rayo Vallecano,Spanish Segunda Division,1.1,1.24,41.88
276,342,FK Austria Vienna,Austrian T-Mobile Bundesliga,1.21,1.37,41.84
277,277,Arsenal Sarandi,Argentina Primera Division,1.28,1.45,41.78
278,262,Bristol City,English League Championship,1.16,1.31,41.76
279,278,Rosenborg,Norwegian Tippeligaen,1.34,1.53,41.66
280,312,KV Oostende,Belgian Jupiler League,1.31,1.5,41.53
281,280,Atlético San Luis,Mexican Primera Division Torneo Clausura,1.21,1.38,41.45
282,281,Tianjin Teda,Chinese Super League,1.28,1.47,41.44
283,282,Sporting Kansas City,Major League Soccer,1.36,1.57,41.31
284,283,Servette,Swiss Raiffeisen Super League,1.22,1.41,41.29
285,303,Coventry City,English League Championship,1.1,1.28,41.26
286,284,Atlético Tucumán,Argentina Primera Division,1.07,1.24,41.23
287,331,KV Mechelen,Belgian Jupiler League,1.45,1.68,41.21
288,285,Chicago Fire,Major League Soccer,1.48,1.72,41.16
289,286,Minnesota United FC,Major League Soccer,1.42,1.65,41.11
290,293,Monza,Italy Serie B,1.15,1.34,41.1
291,288,Dundalk,UEFA Europa League,1.48,1.72,41.02
292,306,Heerenveen,Dutch Eredivisie,1.45,1.69,41.02
293,290,SC Paderborn,German 2. Bundesliga,1.21,1.41,40.99
294,289,San Lorenzo,Argentina Primera Division,1.14,1.33,40.96
295,272,Boavista,Portuguese Liga,1.06,1.24,40.91
296,279,Auxerre,French Ligue 2,1.24,1.45,40.89
297,291,FC Ufa,Russian Premier Liga,0.94,1.1,40.81
298,292,Columbus Crew,Major League Soccer,1.28,1.5,40.81
299,304,SpVgg Greuther Fürth,German 2. Bundesliga,1.24,1.46,40.8
300,298,Hatayspor,Turkish Turkcell Super Lig,1.21,1.42,40.7
301,294,Orlando City SC,Major League Soccer,1.32,1.56,40.56
302,295,Inter Miami CF,Major League Soccer,1.28,1.51,40.49
303,324,Sport Recife,Brasileiro Série A,1.04,1.23,40.47
304,296,Patronato,Argentina Primera Division,1.2,1.43,40.35
305,297,Gimnasia La Plata,Argentina Primera Division,0.98,1.17,40.3
306,300,IFK Norrkoping,Swedish Allsvenskan,1.53,1.82,40.17
307,275,Amiens,French Ligue 2,1.04,1.25,40.13
308,326,Belenenses,Portuguese Liga,0.89,1.08,39.91
309,305,Colorado Rapids,Major League Soccer,1.37,1.65,39.89
310,307,Slovan Liberec,UEFA Europa League,1.19,1.44,39.87
311,309,Tijuana,Mexican Primera Division Torneo Clausura,1.13,1.38,39.82
312,311,VfL Bochum,German 2. Bundesliga,1.24,1.5,39.77
313,301,Konyaspor,Turkish Turkcell Super Lig,1.26,1.53,39.68
314,314,Toronto FC,Major League Soccer,1.29,1.57,39.67
315,315,Banfield,Argentina Primera Division,0.98,1.2,39.66
316,394,WSG Swarovski Wattens,Austrian T-Mobile Bundesliga,1.34,1.63,39.63
317,299,Botafogo,Brasileiro Série A,1.17,1.43,39.61
318,334,Goiás,Brasileiro Série A,1.16,1.42,39.57
319,317,Rijeka,UEFA Europa League,1.28,1.56,39.55
320,319,Arizona United,United Soccer League,1.48,1.8,39.5
321,320,FC Dallas,Major League Soccer,1.27,1.55,39.47
322,349,Hull City,English League One,1.25,1.53,39.45
323,323,Kashiwa Reysol,Japanese J League,1.26,1.55,39.36
324,302,Leganes,Spanish Segunda Division,0.95,1.17,39.33
325,347,C.D. Nacional,Portuguese Liga,1.08,1.34,39.26
326,325,Union Santa Fe,Argentina Primera Division,1.0,1.25,39.16
327,327,Asteras Tripolis,Greek Super League,1.04,1.3,39.02
328,328,BK Hacken,Swedish Allsvenskan,1.07,1.34,38.97
329,362,PEC Zwolle,Dutch Eredivisie,1.2,1.5,38.94
330,313,Necaxa,Mexican Primera Division Torneo Clausura,1.15,1.43,38.93
331,338,Coritiba,Brasileiro Série A,1.04,1.3,38.9
332,330,Odense BK,Danish SAS-Ligaen,1.19,1.49,38.89
333,332,New York Red Bulls,Major League Soccer,1.3,1.63,38.83
334,333,AaB,Danish SAS-Ligaen,1.14,1.44,38.73
335,335,Shanghai Greenland,Chinese Super League,1.34,1.68,38.68
336,360,Toluca,Mexican Primera Division Torneo Clausura,1.18,1.49,38.63
337,318,St. Pölten,Austrian T-Mobile Bundesliga,1.35,1.7,38.56
338,336,Henan Jianye,Chinese Super League,1.25,1.57,38.55
339,358,Querétaro,Mexican Primera Division Torneo Clausura,1.09,1.39,38.54
340,316,Yeni Malatyaspor,Turkish Turkcell Super Lig,1.14,1.45,38.46
341,357,Fatih Karagümrük,Turkish Turkcell Super Lig,1.21,1.54,38.42
342,339,Atlas,Mexican Primera Division Torneo Clausura,1.08,1.39,38.29
343,340,Birmingham,English League Championship,1.0,1.29,38.23
344,341,Hebei China Fortune FC,Chinese Super League,1.29,1.65,38.14
345,329,Tondela,Portuguese Liga,1.1,1.42,38.12
346,343,Wycombe Wanderers,English League Championship,1.13,1.45,38.11
347,344,Mamelodi Sundowns,South African ABSA Premier League,0.98,1.26,38.09
348,346,Huracán,Argentina Primera Division,0.95,1.24,37.93
349,348,Hammarby,Swedish Allsvenskan,1.48,1.89,37.89
350,322,St. Truidense,Belgian Jupiler League,1.19,1.54,37.87
351,364,Holstein Kiel,German 2. Bundesliga,1.19,1.53,37.84
352,308,SV Zulte Waregem,Belgian Jupiler League,1.34,1.72,37.84
353,351,Karlsruher SC,German 2. Bundesliga,1.28,1.65,37.81
354,352,Valerenga,Norwegian Tippeligaen,1.18,1.53,37.74
355,371,Girona FC,Spanish Segunda Division,0.83,1.09,37.74
356,353,FC Juárez,Mexican Primera Division Torneo Clausura,1.11,1.45,37.63
357,321,OH Leuven,Belgian Jupiler League,1.33,1.72,37.63
358,354,Wuhan Zall,Chinese Super League,1.17,1.53,37.62
359,379,Kasimpasa,Turkish Turkcell Super Lig,1.22,1.59,37.61
360,355,Cerezo Osaka,Japanese J League,0.97,1.28,37.56
361,356,Nagoya Grampus Eight,Japanese J League,0.9,1.2,37.55
362,359,Atlanta United FC,Major League Soccer,1.11,1.46,37.41
363,386,Fortuna Sittard,Dutch Eredivisie,1.34,1.75,37.3
364,361,Atromitos,Greek Super League,1.0,1.33,37.25
365,363,Central Córdoba Santiago del Estero,Argentina Primera Division,1.0,1.34,37.16
366,378,Grenoble,French Ligue 2,0.95,1.28,37.16
367,365,Nashville SC,Major League Soccer,0.99,1.33,36.92
368,372,Hartberg,Austrian T-Mobile Bundesliga,1.26,1.67,36.84
369,345,Lausanne Sports,Swiss Raiffeisen Super League,1.07,1.44,36.73
370,350,Sheffield Wednesday,English League Championship,0.97,1.33,36.69
371,369,Dalian Aerbin,Chinese Super League,1.29,1.73,36.66
372,375,Antalyaspor,Turkish Turkcell Super Lig,1.02,1.39,36.64
373,384,Empoli,Italy Serie B,1.12,1.52,36.53
374,374,Kaizer Chiefs,South African ABSA Premier League,1.01,1.39,36.44
375,373,Real Oviedo,Spanish Segunda Division,0.97,1.33,36.38
376,376,Houston Dynamo,Major League Soccer,1.28,1.73,36.3
377,390,FC Sion,Swiss Raiffeisen Super League,1.11,1.51,36.29
378,377,Melbourne City,Australian A-League,1.19,1.62,36.26
379,380,Sanfrecce Hiroshima,Japanese J League,0.91,1.28,36.03
380,381,Sonderjyske,Danish SAS-Ligaen,1.13,1.56,35.98
381,406,KFCO Beerschot-Wilrijk,Belgian Jupiler League,1.34,1.83,35.94
382,382,FC Tambov,Russian Premier Liga,0.99,1.38,35.94
383,383,Puebla,Mexican Primera Division Torneo Clausura,0.97,1.36,35.91
384,411,Mouscron-Peruwelz,Belgian Jupiler League,1.01,1.41,35.91
385,385,San Jose Earthquakes,Major League Soccer,1.29,1.78,35.71
386,397,Las Palmas,Spanish Segunda Division,0.96,1.37,35.62
387,392,Caykur Rizespor,Turkish Turkcell Super Lig,1.22,1.69,35.55
388,370,KV Kortrijk,Belgian Jupiler League,1.06,1.5,35.52
389,388,FK Volgograd,Russian Premier Liga,0.93,1.33,35.48
390,389,IF Elfsborg,Swedish Allsvenskan,1.2,1.68,35.41
391,367,1. FC Heidenheim 1846,German 2. Bundesliga,1.01,1.44,35.32
392,337,Eupen,Belgian Jupiler League,1.13,1.6,35.05
393,366,Sporting Gijón,Spanish Segunda Division,0.78,1.16,34.99
394,395,OFI Crete,Greek Super League,1.06,1.52,34.85
395,396,Chongqing Lifan,Chinese Super League,1.08,1.56,34.78
396,387,Lecce,Italy Serie B,1.12,1.61,34.74
397,398,Cittadella,Italy Serie B,0.98,1.44,34.57
398,416,Livingston,Scottish Premiership,1.08,1.57,34.55
399,401,Viking FK,Norwegian Tippeligaen,1.35,1.92,34.4
400,423,Lugo,Spanish Segunda Division,0.82,1.24,34.34
401,404,Los Angeles Galaxy,Major League Soccer,1.27,1.83,34.26
402,393,SV Darmstadt 98,German 2. Bundesliga,1.17,1.71,34.01
403,419,Aberdeen,Scottish Premiership,0.99,1.49,33.96
404,399,Hibernian,Scottish Premiership,1.01,1.51,33.9
405,391,Willem II,Dutch Eredivisie,1.28,1.86,33.86
406,407,Gamba Osaka,Japanese J League,1.02,1.53,33.76
407,408,Guangzhou RF,Chinese Super League,1.44,2.07,33.73
408,409,Orlando Pirates,South African ABSA Premier League,0.98,1.48,33.73
409,410,FC Tokyo,Japanese J League,0.93,1.41,33.7
410,405,Fuenlabrada,Spanish Segunda Division,0.86,1.32,33.68
411,412,Real Salt Lake,Major League Soccer,1.0,1.51,33.64
412,413,Aldosivi,Argentina Primera Division,0.86,1.33,33.63
413,426,Ankaragucu,Turkish Turkcell Super Lig,1.11,1.67,33.53
414,421,Sunderland,English League One,0.9,1.39,33.51
415,415,Tianjin Quanujian,Chinese Super League,1.16,1.73,33.51
416,431,Paris FC,French Ligue 2,1.02,1.54,33.45
417,417,AIK,Swedish Allsvenskan,0.87,1.36,33.28
418,418,Kristiansund BK,Norwegian Tippeligaen,1.27,1.88,33.18
419,427,Jahn Regensburg,German 2. Bundesliga,1.05,1.61,33.04
420,433,Valenciennes,French Ligue 2,1.0,1.55,32.94
421,403,Sydney FC,Australian A-League,1.09,1.67,32.9
422,400,1. FC Nürnberg,German 2. Bundesliga,1.04,1.61,32.82
423,402,Tenerife,Spanish Segunda Division,0.82,1.31,32.75
424,414,Chievo Verona,Italy Serie B,0.9,1.43,32.72
425,424,Shenzhen FC,Chinese Super League,1.19,1.81,32.64
426,440,Cercle Brugge,Belgian Jupiler League,1.09,1.69,32.59
427,429,Louisville City FC,United Soccer League,1.08,1.69,32.24
428,442,Mirandes,Spanish Segunda Division,0.82,1.34,32.21
429,448,SD Ponferradina,Spanish Segunda Division,0.88,1.43,32.18
430,425,Peterborough United,English League One,1.01,1.61,32.15
431,368,Portsmouth,English League One,0.96,1.54,32.13
432,432,Mjallby,Swedish Allsvenskan,1.17,1.82,32.08
433,422,Sochaux,French Ligue 2,0.85,1.39,32.04
434,434,Guingamp,French Ligue 2,0.99,1.59,32.04
435,435,Mazatlán FC,Mexican Primera Division Torneo Clausura,0.98,1.58,31.88
436,420,Spal,Italy Serie B,0.96,1.57,31.52
437,437,Reno 1868 FC,United Soccer League,1.27,2.0,31.38
438,438,Consadole Sapporo,Japanese J League,1.09,1.76,31.31
439,465,VVV Venlo,Dutch Eredivisie,1.25,1.98,31.17
440,428,SV Ried,Austrian T-Mobile Bundesliga,1.12,1.82,30.92
441,441,IFK Goteborg,Swedish Allsvenskan,0.93,1.56,30.77
442,436,Caen,French Ligue 2,0.91,1.56,30.34
443,430,Málaga,Spanish Segunda Division,0.76,1.36,30.24
444,444,Vissel Kobe,Japanese J League,1.17,1.92,30.22
445,445,Tampa Bay Rowdies,United Soccer League,0.96,1.64,30.21
446,447,Montreal Impact,Major League Soccer,1.13,1.88,30.18
447,449,Panetolikos,Greek Super League,0.86,1.51,30.07
448,464,CD Sabadell,Spanish Segunda Division,0.9,1.57,30.05
449,439,Kayserispor,Turkish Turkcell Super Lig,0.88,1.54,30.04
450,451,Colon Santa Fe,Argentina Primera Division,0.83,1.48,29.95
451,443,Perth Glory,Australian A-League,1.12,1.88,29.9
452,455,SV Sandhausen,German 2. Bundesliga,1.03,1.76,29.88
453,461,Western United,Australian A-League,1.11,1.88,29.82
454,460,Doncaster Rovers,English League One,0.95,1.66,29.81
455,452,Godoy Cruz,Argentina Primera Division,0.94,1.64,29.76
456,454,SuperSport United,South African ABSA Premier League,0.81,1.46,29.64
457,453,FC St. Pauli,German 2. Bundesliga,1.06,1.82,29.58
458,456,Odd BK,Norwegian Tippeligaen,1.18,1.99,29.43
459,482,Castellon,Spanish Segunda Division,0.86,1.55,29.41
460,457,Vejle,Danish SAS-Ligaen,1.02,1.78,29.39
461,462,RKC,Dutch Eredivisie,1.05,1.82,29.25
462,463,Pittsburgh Riverhounds,United Soccer League,0.91,1.64,28.95
463,446,Cashpoint SC Rheindorf Altach,Austrian T-Mobile Bundesliga,0.97,1.74,28.83
464,467,Stabaek,Norwegian Tippeligaen,0.95,1.72,28.65
465,458,Real Zaragoza,Spanish Segunda Division,0.71,1.38,28.55
466,488,Oxford United,English League One,0.99,1.78,28.49
467,481,Erzgebirge Aue,German 2. Bundesliga,0.96,1.75,28.42
468,468,Bidvest Wits,South African ABSA Premier League,0.74,1.44,28.42
469,485,Pordenone Calcio,Italy Serie B,0.79,1.5,28.33
470,450,AC Ajaccio,French Ligue 2,0.77,1.48,28.24
471,470,Le Havre,French Ligue 2,0.76,1.47,28.23
472,472,Larissa,Greek Super League,0.7,1.38,28.18
473,459,AD Alcorcon,Spanish Segunda Division,0.66,1.33,28.18
474,494,Newcastle Jets,Australian A-League,1.01,1.83,28.17
475,471,Wellington Phoenix,Australian A-League,1.03,1.87,28.16
476,473,Urawa Red Diamonds,Japanese J League,0.92,1.71,28.07
477,474,Orebro SK,Swedish Allsvenskan,0.97,1.79,28.06
478,476,Varbergs BoIS FC,Swedish Allsvenskan,0.99,1.82,28.0
479,466,Brescia,Italy Serie B,0.97,1.79,27.86
480,477,San Antonio FC,United Soccer League,1.03,1.88,27.84
481,475,AS Nancy Lorraine,French Ligue 2,0.9,1.7,27.78
482,479,Erzurumspor,Turkish Turkcell Super Lig,0.91,1.71,27.76
483,500,FC Vaduz,Swiss Raiffeisen Super League,0.87,1.66,27.65
484,484,Lamia,Greek Super League,0.55,1.18,27.53
485,480,Logrones,Spanish Segunda Division,0.76,1.51,27.49
486,487,Macarthur FC,Australian A-League,0.89,1.72,27.27
487,486,Genclerbirligi,Turkish Turkcell Super Lig,0.99,1.86,27.25
488,491,F.B.C Unione Venezia,Italy Serie B,0.76,1.52,27.21
489,493,Waasland-Beveren,Belgian Jupiler League,1.05,1.95,27.2
490,478,Emmen,Dutch Eredivisie,0.99,1.87,27.19
491,490,DC United,Major League Soccer,1.02,1.91,27.15
492,492,Adelaide United,Australian A-League,1.04,1.94,27.01
493,483,Denizlispor,Turkish Turkcell Super Lig,0.91,1.76,26.94
494,495,Guizhou Renhe,Chinese Super League,0.94,1.82,26.81
495,469,FC Cartagena,Spanish Segunda Division,0.91,1.77,26.73
496,509,Frosinone,Italy Serie B,0.78,1.58,26.72
497,514,Albacete,Spanish Segunda Division,0.67,1.41,26.72
498,496,Sagan Tosu,Japanese J League,0.76,1.57,26.58
499,506,Lincoln City,English League One,0.8,1.64,26.3
500,498,Shimizu S-Pulse,Japanese J League,1.1,2.07,26.28
501,489,VfL Osnabruck,German 2. Bundesliga,0.85,1.72,26.09
502,502,AC Horsens,Danish SAS-Ligaen,0.85,1.73,25.97
503,503,FC Xanthi,Greek Super League,0.58,1.33,25.81
504,504,Haugesund,Norwegian Tippeligaen,0.98,1.94,25.79
505,507,Oita Trinita,Japanese J League,0.69,1.52,25.51
506,497,Western Sydney FC,Australian A-League,0.97,1.95,25.47
507,501,Würzburger Kickers,German 2. Bundesliga,0.87,1.81,25.42
508,550,St Mirren,Scottish Premiership,0.73,1.59,25.4
509,510,Charlton Athletic,English League One,0.91,1.86,25.31
510,511,Melbourne Victory,Australian A-League,0.97,1.95,25.26
511,513,Niort,French Ligue 2,0.84,1.77,25.17
512,499,Chambly Thelle FC,French Ligue 2,0.81,1.73,25.02
513,549,Blackpool,English League One,0.76,1.66,24.86
514,529,Cremonese,Italy Serie B,0.75,1.65,24.83
515,505,ADO Den Haag,Dutch Eredivisie,0.98,2.0,24.83
516,525,Rodez,French Ligue 2,0.73,1.63,24.75
517,517,Black Aces,South African ABSA Premier League,0.81,1.78,24.28
518,508,Kilmarnock,Scottish Premiership,0.72,1.64,24.23
519,518,Maritzburg Utd,South African ABSA Premier League,0.56,1.39,24.05
520,519,Pisa,Italy Serie B,0.79,1.78,23.83
521,536,Eintracht Braunschweig,German 2. Bundesliga,0.76,1.73,23.79
522,521,SK Brann,Norwegian Tippeligaen,0.87,1.91,23.79
523,522,Sacramento Republic FC,United Soccer League,0.8,1.8,23.75
524,523,FC Cincinnati,Major League Soccer,0.75,1.72,23.73
525,516,Motherwell,Scottish Premiership,0.77,1.75,23.7
526,524,IK Sirius,Swedish Allsvenskan,0.94,2.02,23.7
527,526,Vegalta Sendai,Japanese J League,0.8,1.81,23.52
528,528,Brisbane Roar,Australian A-League,0.82,1.85,23.38
529,530,Helsingborgs IF,Swedish Allsvenskan,0.83,1.88,23.31
530,534,Salernitana,Italy Serie B,0.77,1.78,23.23
531,515,Fleetwood Town,English League One,0.66,1.62,23.14
532,531,Vancouver Whitecaps,Major League Soccer,0.84,1.9,23.13
533,552,Dunkerque,French Ligue 2,0.72,1.72,23.08
534,520,Reggina,Italy Serie B,0.7,1.69,23.04
535,532,New Mexico United,United Soccer League,0.81,1.88,22.97
536,512,Ipswich Town,English League One,0.66,1.63,22.96
537,537,Bloem Celtic,South African ABSA Premier League,0.8,1.9,22.37
538,539,Sarpsborg,Norwegian Tippeligaen,0.68,1.72,22.04
539,541,Stromsgodset,Norwegian Tippeligaen,0.96,2.17,22.01
540,542,Lyngby,Danish SAS-Ligaen,0.84,1.99,21.98
541,527,FC Trenkwalder Admira,Austrian T-Mobile Bundesliga,0.94,2.14,21.97
542,543,Orange County SC,United Soccer League,0.77,1.88,21.91
543,544,El Paso Locomotive FC,United Soccer League,0.66,1.7,21.89
544,538,St Johnstone,Scottish Premiership,0.66,1.7,21.89
545,545,Panionios,Greek Super League,0.51,1.45,21.84
546,546,Vicenza,Italy Serie B,0.68,1.73,21.82
547,547,Austin Bold FC,United Soccer League,0.94,2.16,21.69
548,548,Charleston Battery,United Soccer League,0.74,1.86,21.6
549,535,Milton Keynes Dons,English League One,0.71,1.8,21.58
550,551,Volos NFC,Greek Super League,0.65,1.73,21.22
551,560,Accrington Stanley,English League One,0.7,1.81,21.17
552,553,San Diego Loyal SC,United Soccer League,0.7,1.82,21.09
553,540,Cosenza,Italy Serie B,0.62,1.71,20.87
554,569,Gillingham,English League One,0.67,1.79,20.76
555,554,Indy Eleven,United Soccer League,0.68,1.84,20.5
556,562,Chateauroux,French Ligue 2,0.7,1.89,20.16
557,556,Shonan Bellmare,Japanese J League,0.58,1.68,20.11
558,533,Dundee Utd,Scottish Premiership,0.65,1.81,20.11
559,557,Birmingham Legion FC,United Soccer League,0.84,2.15,19.81
560,559,Yokohama FC,Japanese J League,0.68,1.89,19.6
561,564,Virtus Entella,Italy Serie B,0.64,1.83,19.56
562,555,Exeter City,English League Two,0.84,2.17,19.49
563,561,Sandefjord,Norwegian Tippeligaen,0.6,1.78,19.39
564,558,Pau,French Ligue 2,0.62,1.82,19.26
565,566,Highlands Park FC,South African ABSA Premier League,0.57,1.75,18.95
566,576,Central Coast Mariners,Australian A-League,0.73,2.04,18.86
567,570,Miami FC,United Soccer League,0.83,2.25,18.46
568,565,Salford City,English League Two,0.54,1.74,18.43
569,578,Rochdale,English League One,0.94,2.43,18.34
570,568,US Pescara,Italy Serie B,0.58,1.81,18.33
571,571,Falkenbergs FF,Swedish Allsvenskan,0.74,2.11,18.32
572,572,Kalmar FF,Swedish Allsvenskan,0.6,1.86,18.23
573,567,Shrewsbury Town,English League One,0.56,1.79,18.22
574,573,Saint Louis FC,United Soccer League,0.64,1.94,18.03
575,574,Östersunds FK,Swedish Allsvenskan,0.65,1.97,17.92
576,583,Plymouth Argyle,English League One,0.73,2.12,17.84
577,577,IK Start,Norwegian Tippeligaen,0.67,2.04,17.68
578,575,Hamilton Academical,Scottish Premiership,0.65,2.0,17.57
579,563,Crewe Alexandra,English League One,0.67,2.04,17.49
580,580,Golden Arrows,South African ABSA Premier League,0.43,1.63,17.14
581,582,Mjondalen,Norwegian Tippeligaen,0.55,1.86,17.02
582,581,Ascoli,Italy Serie B,0.55,1.87,17.0
583,585,Charlotte Independence,United Soccer League,0.66,2.09,16.87
584,586,North Carolina FC,United Soccer League,0.65,2.09,16.69
585,587,LA Galaxy II,United Soccer League,0.84,2.45,16.26
586,588,Reggiana,Italy Serie B,0.53,1.91,15.99
587,593,Cheltenham Town,English League Two,0.48,1.83,15.91
588,584,Ross County,Scottish Premiership,0.63,2.13,15.63
589,590,Polokwane City FC,South African ABSA Premier League,0.47,1.84,15.52
590,591,Tulsa Roughnecks,United Soccer League,0.62,2.14,15.51
591,589,Swindon Town,English League One,0.75,2.37,15.4
592,594,Memphis 901 FC,United Soccer League,0.74,2.37,15.25
593,595,Carlisle United,English League Two,0.54,2.0,15.15
594,596,Crawley Town,English League Two,0.59,2.12,14.99
595,599,Mansfield Town,English League Two,0.59,2.14,14.72
596,579,Wigan,English League One,0.66,2.28,14.62
597,597,Oldham Athletic,English League Two,0.75,2.47,14.56
598,592,Leyton Orient,English League Two,0.54,2.07,14.5
599,600,Burton Albion,English League One,0.75,2.47,14.39
600,598,Bristol Rovers,English League One,0.48,2.0,14.01
601,601,Chippa United,South African ABSA Premier League,0.26,1.54,13.92
602,602,Hartford Athletic,United Soccer League,0.66,2.37,13.84
603,603,AmaZulu,South African ABSA Premier League,0.31,1.68,13.48
604,604,Real Monarchs SLC,United Soccer League,0.56,2.22,13.33
605,605,Las Vegas Lights FC,United Soccer League,0.67,2.44,13.32
606,612,Tranmere Rovers,English League Two,0.51,2.15,13.13
607,606,Baroka FC,South African ABSA Premier League,0.24,1.57,12.84
608,609,Forest Green Rovers,English League Two,0.39,1.93,12.78
609,607,Tacoma Defiance,United Soccer League,0.65,2.49,12.51
610,610,Portland Timbers 2,United Soccer League,0.79,2.78,12.37
611,611,Stellenbosch FC,South African ABSA Premier League,0.35,1.89,12.29
612,608,Bolton,English League Two,0.51,2.26,12.08
613,616,Black Leopards,South African ABSA Premier League,0.39,2.03,11.75
614,629,Morecambe,English League Two,0.46,2.19,11.69
615,617,Swope Park Rangers,United Soccer League,0.62,2.56,11.56
616,614,AFC Wimbledon,English League One,0.48,2.26,11.55
617,613,Cambridge United,English League Two,0.37,2.02,11.44
618,619,Newport County,English League Two,0.37,2.04,11.36
619,620,Barrow,English League Two,0.44,2.21,11.24
620,621,Colorado Springs Switchbacks FC,United Soccer League,0.47,2.27,11.15
621,622,Northampton Town,English League One,0.4,2.16,10.8
622,623,Aalesund,Norwegian Tippeligaen,0.59,2.64,10.37
623,628,Bradford City,English League Two,0.29,1.97,10.37
624,615,Colchester United,English League Two,0.37,2.16,10.17
625,624,Oklahoma City Energy FC,United Soccer League,0.42,2.3,10.16
626,630,Walsall,English League Two,0.39,2.23,10.07
627,625,New York Red Bulls II,United Soccer League,0.64,2.79,10.04
628,626,Rio Grande Valley FC Toros,United Soccer League,0.47,2.42,10.01
629,627,Atlanta United 2,United Soccer League,0.57,2.67,9.86
630,618,Port Vale,English League Two,0.43,2.38,9.63
631,632,Scunthorpe,English League Two,0.32,2.25,8.73
632,631,Stevenage,English League Two,0.2,2.04,7.98
633,633,Southend United,English League Two,0.2,2.27,6.56
634,635,Loudoun United FC,United Soccer League,0.34,2.65,6.51
635,634,Harrogate Town,English League Two,0.2,2.28,6.47
636,636,Bethlehem Steel FC,United Soccer League,0.41,2.99,5.78
637,637,Grimsby Town,English League Two,0.2,2.49,5.39
